/*
SQLyog Ultimate v12.5.0 (64 bit)
MySQL - 5.7.17-log : Database - chinex
*********************************************************************
*/

/*!40101 SET NAMES utf8 */;

/*!40101 SET SQL_MODE=''*/;

/*!40014 SET @OLD_UNIQUE_CHECKS=@@UNIQUE_CHECKS, UNIQUE_CHECKS=0 */;
/*!40014 SET @OLD_FOREIGN_KEY_CHECKS=@@FOREIGN_KEY_CHECKS, FOREIGN_KEY_CHECKS=0 */;
/*!40101 SET @OLD_SQL_MODE=@@SQL_MODE, SQL_MODE='NO_AUTO_VALUE_ON_ZERO' */;
/*!40111 SET @OLD_SQL_NOTES=@@SQL_NOTES, SQL_NOTES=0 */;
CREATE DATABASE /*!32312 IF NOT EXISTS*/`chinex` /*!40100 DEFAULT CHARACTER SET utf8 COLLATE utf8_spanish2_ci */;

USE `chinex`;

/*Table structure for table `dt_area` */

DROP TABLE IF EXISTS `dt_area`;

CREATE TABLE `dt_area` (
  `IDAREA` int(2) unsigned zerofill NOT NULL AUTO_INCREMENT,
  `NOMBRE` char(50) COLLATE utf8_spanish2_ci NOT NULL,
  `FLAG` int(1) NOT NULL DEFAULT '1',
  `FECHAMOD` timestamp NOT NULL DEFAULT CURRENT_TIMESTAMP ON UPDATE CURRENT_TIMESTAMP,
  PRIMARY KEY (`IDAREA`)
) ENGINE=InnoDB AUTO_INCREMENT=6 DEFAULT CHARSET=utf8 COLLATE=utf8_spanish2_ci;

/*Data for the table `dt_area` */

insert  into `dt_area`(`IDAREA`,`NOMBRE`,`FLAG`,`FECHAMOD`) values 
(01,'SISTEMAS',1,'2018-04-11 17:17:39'),
(02,'LOGISTICA',1,'2018-04-11 17:17:39'),
(03,'RECURSOS HUMANOS',1,'2018-04-11 17:17:39'),
(04,'GERENCIA',1,'2018-04-11 17:17:40'),
(05,'OPERACIONES',1,'2018-04-11 17:17:41');

/*Table structure for table `dt_cargo` */

DROP TABLE IF EXISTS `dt_cargo`;

CREATE TABLE `dt_cargo` (
  `IDCARGO` int(2) unsigned zerofill NOT NULL AUTO_INCREMENT,
  `NOMBRE` char(50) COLLATE utf8_spanish2_ci NOT NULL,
  `FLAG` int(1) NOT NULL DEFAULT '1',
  `FECHAMOD` timestamp NOT NULL DEFAULT CURRENT_TIMESTAMP ON UPDATE CURRENT_TIMESTAMP,
  PRIMARY KEY (`IDCARGO`)
) ENGINE=InnoDB AUTO_INCREMENT=8 DEFAULT CHARSET=utf8 COLLATE=utf8_spanish2_ci;

/*Data for the table `dt_cargo` */

insert  into `dt_cargo`(`IDCARGO`,`NOMBRE`,`FLAG`,`FECHAMOD`) values 
(01,'ANALISTA',1,'2018-04-11 17:05:39'),
(02,'ANALISTA DE SISTEMA',1,'2018-04-11 17:05:46'),
(03,'GERENTE',1,'2018-04-11 17:05:49'),
(04,'PRACTICANTE',1,'2018-04-11 17:05:52'),
(05,'DBA',1,'2018-04-11 17:05:55'),
(06,'ADMINISTRADOR',1,'2018-04-11 17:05:59'),
(07,'OPERADOR',1,'2018-04-11 17:06:03');

/*Table structure for table `dt_competencia` */

DROP TABLE IF EXISTS `dt_competencia`;

CREATE TABLE `dt_competencia` (
  `IDCOMPETENCIA` int(3) unsigned zerofill NOT NULL AUTO_INCREMENT,
  `NOMBRE` char(50) COLLATE utf8_spanish2_ci NOT NULL,
  `ESTADO` int(1) NOT NULL DEFAULT '1',
  `OBSERVACION` mediumtext COLLATE utf8_spanish2_ci NOT NULL,
  `IDUSUARIOCREACION` char(30) COLLATE utf8_spanish2_ci NOT NULL,
  `FECHACREACION` timestamp NOT NULL DEFAULT CURRENT_TIMESTAMP,
  `IDUSUARIOMOD` char(30) COLLATE utf8_spanish2_ci NOT NULL,
  `FECHAMOD` timestamp NOT NULL DEFAULT CURRENT_TIMESTAMP ON UPDATE CURRENT_TIMESTAMP,
  PRIMARY KEY (`IDCOMPETENCIA`)
) ENGINE=InnoDB AUTO_INCREMENT=7 DEFAULT CHARSET=utf8 COLLATE=utf8_spanish2_ci;

/*Data for the table `dt_competencia` */

insert  into `dt_competencia`(`IDCOMPETENCIA`,`NOMBRE`,`ESTADO`,`OBSERVACION`,`IDUSUARIOCREACION`,`FECHACREACION`,`IDUSUARIOMOD`,`FECHAMOD`) values 
(001,'TEST',1,'','FLAURA','2018-04-12 11:59:14','','2018-04-12 11:59:14'),
(002,'SISTEMAS',1,'','FLAURA','2018-04-12 12:00:42','','2018-04-12 12:00:42'),
(003,'LOGISTICA',1,'DSAKJDNJKASND\r\nFDS\r\nADFGDSANF\r\nSADNF\r\nSADFBSAD\r\nBF\r\nSADFSADF\r\nSDAFAS','FLAURA','2018-04-12 12:05:15','','2018-04-12 12:05:15'),
(004,'RECURSOS HUMANOS',1,'NFKJSNDFKJNSDAF+GA\r\nFSANF\r\nSADNFNSADFNSAD\r\n','FLAURA','2018-04-12 14:20:43','','2018-04-12 14:20:43'),
(005,'PRUEBA',1,'NFSADLKNASKL','FLAURA','2018-04-12 14:31:03','','2018-04-12 15:09:56'),
(006,'OPERACIONESsss',1,'e','FLAURA','2018-04-12 14:36:30','FLAURA','2018-04-12 15:09:52');

/*Table structure for table `dt_competencia_conducta` */

DROP TABLE IF EXISTS `dt_competencia_conducta`;

CREATE TABLE `dt_competencia_conducta` (
  `IDCONDUCTA` int(3) unsigned zerofill NOT NULL AUTO_INCREMENT,
  `IDCOMPETENCIA` int(3) unsigned zerofill NOT NULL,
  `NOMBRE` char(50) COLLATE utf8_spanish2_ci NOT NULL,
  `PRIORIDAD` int(1) NOT NULL,
  `IDUSUARIOCREACION` char(30) COLLATE utf8_spanish2_ci NOT NULL,
  `FECHACREACION` timestamp NOT NULL DEFAULT CURRENT_TIMESTAMP,
  `IDUSUARIOMOD` char(30) COLLATE utf8_spanish2_ci NOT NULL,
  `FECHAMOD` timestamp NOT NULL DEFAULT CURRENT_TIMESTAMP ON UPDATE CURRENT_TIMESTAMP,
  PRIMARY KEY (`IDCONDUCTA`),
  KEY `fk_idcompetencia` (`IDCOMPETENCIA`),
  CONSTRAINT `dt_competencia_conducta_ibfk_1` FOREIGN KEY (`IDCOMPETENCIA`) REFERENCES `dt_competencia` (`IDCOMPETENCIA`)
) ENGINE=InnoDB AUTO_INCREMENT=37 DEFAULT CHARSET=utf8 COLLATE=utf8_spanish2_ci;

/*Data for the table `dt_competencia_conducta` */

insert  into `dt_competencia_conducta`(`IDCONDUCTA`,`IDCOMPETENCIA`,`NOMBRE`,`PRIORIDAD`,`IDUSUARIOCREACION`,`FECHACREACION`,`IDUSUARIOMOD`,`FECHAMOD`) values 
(001,001,'A',1,'FLAURA','2018-04-12 11:59:14','','2018-04-12 11:59:14'),
(002,001,'B',1,'FLAURA','2018-04-12 11:59:15','','2018-04-12 11:59:15'),
(003,001,'C',1,'FLAURA','2018-04-12 11:59:15','','2018-04-12 11:59:15'),
(004,001,'D',1,'FLAURA','2018-04-12 11:59:15','','2018-04-12 11:59:15'),
(005,002,'DSAKB',1,'FLAURA','2018-04-12 12:00:42','','2018-04-12 12:00:42'),
(006,002,'DASND',1,'FLAURA','2018-04-12 12:00:42','','2018-04-12 12:00:42'),
(007,002,'DASKDNJ',1,'FLAURA','2018-04-12 12:00:42','','2018-04-12 12:00:42'),
(008,002,'DSA',1,'FLAURA','2018-04-12 12:00:42','','2018-04-12 12:00:42'),
(009,003,'DASJKJ',1,'FLAURA','2018-04-12 12:05:15','','2018-04-12 12:05:15'),
(010,003,'AJKSDNK',1,'FLAURA','2018-04-12 12:05:15','','2018-04-12 12:05:15'),
(011,003,'DASNDKJN',1,'FLAURA','2018-04-12 12:05:15','','2018-04-12 12:05:15'),
(012,003,'FASKJDN',1,'FLAURA','2018-04-12 12:05:15','','2018-04-12 12:05:15'),
(013,004,'DASNDNAJK',1,'FLAURA','2018-04-12 14:20:43','','2018-04-12 14:20:43'),
(014,004,'FDNANDJKASDNJKASNDJKÑ',1,'FLAURA','2018-04-12 14:20:43','','2018-04-12 14:20:43'),
(015,004,'DNANDAJKSN',1,'FLAURA','2018-04-12 14:20:43','','2018-04-12 14:20:43'),
(016,004,'NDFAKSNDJK',1,'FLAURA','2018-04-12 14:20:43','','2018-04-12 14:20:43'),
(017,005,'DNALSNDKL',1,'FLAURA','2018-04-12 14:31:03','','2018-04-12 14:31:03'),
(018,005,'KLDNASLDNL',2,'FLAURA','2018-04-12 14:31:03','','2018-04-12 14:31:03'),
(019,005,'NDLKASNDLSAN',3,'FLAURA','2018-04-12 14:31:03','','2018-04-12 14:31:03'),
(020,005,'DSANDKLJ',4,'FLAURA','2018-04-12 14:31:03','','2018-04-12 14:31:03'),
(033,006,'a',1,'FLAURA','2018-04-12 15:04:05','','2018-04-12 15:04:05'),
(034,006,'b',2,'FLAURA','2018-04-12 15:04:05','','2018-04-12 15:04:05'),
(035,006,'c',3,'FLAURA','2018-04-12 15:04:05','','2018-04-12 15:04:05'),
(036,006,'d',4,'FLAURA','2018-04-12 15:04:05','','2018-04-12 15:04:05');

/*Table structure for table `dt_persona` */

DROP TABLE IF EXISTS `dt_persona`;

CREATE TABLE `dt_persona` (
  `IDPERSONA` int(4) unsigned zerofill NOT NULL AUTO_INCREMENT,
  `NOMBRE` char(30) COLLATE utf8_spanish2_ci NOT NULL,
  `AP_PATERNO` char(30) COLLATE utf8_spanish2_ci NOT NULL,
  `AP_MATERNO` char(30) COLLATE utf8_spanish2_ci NOT NULL,
  `NUMERODOC` int(8) NOT NULL,
  `CORREO` char(30) COLLATE utf8_spanish2_ci NOT NULL,
  `TELEFONO` int(9) NOT NULL,
  `TIPOPERSONA` char(4) COLLATE utf8_spanish2_ci NOT NULL DEFAULT 'PERS' COMMENT 'PER PERSONAL / USER USUARIO',
  `ESTADO` char(1) COLLATE utf8_spanish2_ci NOT NULL DEFAULT '1' COMMENT '1 SI / 0 NO',
  `IDAREA` int(2) unsigned zerofill NOT NULL,
  `IDCARGO` int(2) unsigned zerofill NOT NULL,
  `IDUSUARIOCREACION` char(30) COLLATE utf8_spanish2_ci NOT NULL,
  `FECHACREACION` datetime NOT NULL DEFAULT CURRENT_TIMESTAMP,
  `IDUSUARIOMOD` char(30) COLLATE utf8_spanish2_ci NOT NULL,
  `FECHAMOD` timestamp NOT NULL DEFAULT CURRENT_TIMESTAMP ON UPDATE CURRENT_TIMESTAMP,
  PRIMARY KEY (`IDPERSONA`,`TIPOPERSONA`),
  KEY `FK_IDAREA` (`IDAREA`),
  KEY `FK_IDCARGO` (`IDCARGO`),
  CONSTRAINT `dt_persona_ibfk_1` FOREIGN KEY (`IDAREA`) REFERENCES `dt_area` (`IDAREA`),
  CONSTRAINT `dt_persona_ibfk_2` FOREIGN KEY (`IDCARGO`) REFERENCES `dt_cargo` (`IDCARGO`)
) ENGINE=InnoDB AUTO_INCREMENT=118 DEFAULT CHARSET=utf8 COLLATE=utf8_spanish2_ci;

/*Data for the table `dt_persona` */

insert  into `dt_persona`(`IDPERSONA`,`NOMBRE`,`AP_PATERNO`,`AP_MATERNO`,`NUMERODOC`,`CORREO`,`TELEFONO`,`TIPOPERSONA`,`ESTADO`,`IDAREA`,`IDCARGO`,`IDUSUARIOCREACION`,`FECHACREACION`,`IDUSUARIOMOD`,`FECHAMOD`) values 
(0106,'FRANK','LAURA','BORJA',73191639,'FRANK.CG9@GMAIL.COM',993690057,'USER','1',01,03,'FLAURA','2018-04-02 00:00:00','','2018-04-11 17:50:09'),
(0114,'NAYSHA','AYALA','GOMERO',85957412,'NAYALA@GMAIL.COM',987654321,'USER','1',03,02,'FLAURA','2018-04-05 11:13:35','','2018-04-11 17:49:00'),
(0115,'RENE','LAURA','QUISPE',25732120,'RLAURA@GMAIL.COM',956304110,'USER','1',01,01,'FLAURA','2018-04-10 16:28:00','','2018-04-11 17:10:05'),
(0117,'MAGDA','BORJA','EGUILAS',25835280,'MBORJA@GMAIL.COM',997449379,'USER','1',03,05,'FLAURA','2018-04-11 17:32:42','','2018-04-11 17:50:00');

/*Table structure for table `dt_usuario` */

DROP TABLE IF EXISTS `dt_usuario`;

CREATE TABLE `dt_usuario` (
  `IDUSUARIO` char(30) COLLATE utf8_spanish2_ci NOT NULL,
  `CONTRASENIA` char(50) COLLATE utf8_spanish2_ci NOT NULL,
  `ESTADO` int(1) NOT NULL DEFAULT '1' COMMENT '1 ACTIVO / 0 INACTIVO',
  `IDPERSONA` int(4) unsigned zerofill NOT NULL,
  `IDPERFIL` int(2) unsigned zerofill DEFAULT NULL,
  `IDUSUARIOCREACION` char(30) COLLATE utf8_spanish2_ci NOT NULL,
  `FECHACREACION` timestamp NOT NULL DEFAULT CURRENT_TIMESTAMP,
  `IDUSUARIOMOD` char(30) COLLATE utf8_spanish2_ci NOT NULL,
  `FECHAMOD` timestamp NOT NULL DEFAULT CURRENT_TIMESTAMP ON UPDATE CURRENT_TIMESTAMP,
  PRIMARY KEY (`IDUSUARIO`),
  KEY `fk_idperfil` (`IDPERFIL`),
  KEY `IDPERSONA` (`IDPERSONA`),
  CONSTRAINT `dt_usuario_ibfk_1` FOREIGN KEY (`IDPERSONA`) REFERENCES `dt_persona` (`IDPERSONA`),
  CONSTRAINT `dt_usuario_ibfk_2` FOREIGN KEY (`IDPERFIL`) REFERENCES `seguridad_perfil` (`IDPERFIL`)
) ENGINE=InnoDB DEFAULT CHARSET=utf8 COLLATE=utf8_spanish2_ci;

/*Data for the table `dt_usuario` */

insert  into `dt_usuario`(`IDUSUARIO`,`CONTRASENIA`,`ESTADO`,`IDPERSONA`,`IDPERFIL`,`IDUSUARIOCREACION`,`FECHACREACION`,`IDUSUARIOMOD`,`FECHAMOD`) values 
('FLAURA','bf5155b3171915cc2cb01975405d06d2ed5b6514',1,0106,01,'FLAURA','2018-04-02 17:45:00','FLAURA','2018-04-10 14:01:52'),
('MBORJA','40bd001563085fc35165329ea1ff5c5ecbdbbeef',1,0117,NULL,'FLAURA','2018-04-11 17:32:42','','2018-04-11 17:32:42'),
('NAYALA','40bd001563085fc35165329ea1ff5c5ecbdbbeef',1,0114,01,'FLAURA','2018-04-05 11:13:35','FLAURA','2018-04-10 16:19:38'),
('RLAURA','40bd001563085fc35165329ea1ff5c5ecbdbbeef',1,0115,02,'FLAURA','2018-04-10 16:28:00','FLAURA','2018-04-10 16:28:34');

/*Table structure for table `seguridad_modulo` */

DROP TABLE IF EXISTS `seguridad_modulo`;

CREATE TABLE `seguridad_modulo` (
  `IDMODULO` int(2) unsigned zerofill NOT NULL AUTO_INCREMENT,
  `NOMBRE_MODULO` char(30) COLLATE utf8_spanish2_ci NOT NULL,
  `DESCRIPCION` char(50) COLLATE utf8_spanish2_ci NOT NULL,
  `TIPO` char(20) COLLATE utf8_spanish2_ci NOT NULL,
  `UBICACION` char(50) COLLATE utf8_spanish2_ci NOT NULL,
  `FLAG` int(1) NOT NULL DEFAULT '1' COMMENT '1 -> ACTIVO / 0->INACTIVO',
  `FECHAMOD` timestamp NOT NULL DEFAULT CURRENT_TIMESTAMP ON UPDATE CURRENT_TIMESTAMP,
  PRIMARY KEY (`IDMODULO`)
) ENGINE=InnoDB AUTO_INCREMENT=4 DEFAULT CHARSET=utf8 COLLATE=utf8_spanish2_ci;

/*Data for the table `seguridad_modulo` */

insert  into `seguridad_modulo`(`IDMODULO`,`NOMBRE_MODULO`,`DESCRIPCION`,`TIPO`,`UBICACION`,`FLAG`,`FECHAMOD`) values 
(01,'MENU_PANEL','Inicio','MENU_PAN','panel',1,'2018-04-03 16:59:26'),
(02,'MENU_SEGURIDAD','Control de Acceso','MENU_SEG','usuario',1,'2018-04-03 16:50:55'),
(03,'MENU_COMPETENCIA','Registro de Competencias','MENU_COM','competencia',1,'2018-04-12 10:59:40');

/*Table structure for table `seguridad_modulo_perfil` */

DROP TABLE IF EXISTS `seguridad_modulo_perfil`;

CREATE TABLE `seguridad_modulo_perfil` (
  `IDDETALLE` int(4) unsigned zerofill NOT NULL AUTO_INCREMENT,
  `IDMODULO` int(2) unsigned zerofill NOT NULL,
  `IDPERFIL` int(2) unsigned zerofill NOT NULL,
  `PERMISO` int(1) NOT NULL,
  `FECHAMOD` timestamp NOT NULL DEFAULT CURRENT_TIMESTAMP ON UPDATE CURRENT_TIMESTAMP,
  PRIMARY KEY (`IDDETALLE`),
  KEY `seguridad_modulo_perfil_ibfk_1` (`IDMODULO`),
  KEY `seguridad_modulo_perfil_ibfk_2` (`IDPERFIL`),
  CONSTRAINT `seguridad_modulo_perfil_ibfk_1` FOREIGN KEY (`IDMODULO`) REFERENCES `seguridad_modulo` (`IDMODULO`),
  CONSTRAINT `seguridad_modulo_perfil_ibfk_2` FOREIGN KEY (`IDPERFIL`) REFERENCES `seguridad_perfil` (`IDPERFIL`)
) ENGINE=InnoDB AUTO_INCREMENT=21 DEFAULT CHARSET=utf8;

/*Data for the table `seguridad_modulo_perfil` */

insert  into `seguridad_modulo_perfil`(`IDDETALLE`,`IDMODULO`,`IDPERFIL`,`PERMISO`,`FECHAMOD`) values 
(0014,02,02,0,'2018-04-10 14:06:48'),
(0017,02,03,0,'2018-04-10 16:28:40'),
(0018,01,01,0,'2018-04-10 17:45:05'),
(0019,02,01,0,'2018-04-10 17:45:05'),
(0020,03,01,0,'2018-04-10 17:45:06');

/*Table structure for table `seguridad_perfil` */

DROP TABLE IF EXISTS `seguridad_perfil`;

CREATE TABLE `seguridad_perfil` (
  `IDPERFIL` int(2) unsigned zerofill NOT NULL AUTO_INCREMENT,
  `NOMBRE_PERFIL` char(30) CHARACTER SET utf8 COLLATE utf8_spanish2_ci NOT NULL,
  `FLAG` int(1) NOT NULL DEFAULT '1',
  `IDUSUARIOCREACION` char(30) CHARACTER SET utf8 COLLATE utf8_spanish2_ci NOT NULL,
  `FECHACREACION` timestamp NOT NULL DEFAULT CURRENT_TIMESTAMP,
  `IDUSUARIOMOD` char(30) CHARACTER SET utf8 COLLATE utf8_spanish2_ci NOT NULL,
  `FECHAMOD` timestamp NOT NULL DEFAULT CURRENT_TIMESTAMP ON UPDATE CURRENT_TIMESTAMP,
  PRIMARY KEY (`IDPERFIL`)
) ENGINE=InnoDB AUTO_INCREMENT=4 DEFAULT CHARSET=utf8;

/*Data for the table `seguridad_perfil` */

insert  into `seguridad_perfil`(`IDPERFIL`,`NOMBRE_PERFIL`,`FLAG`,`IDUSUARIOCREACION`,`FECHACREACION`,`IDUSUARIOMOD`,`FECHAMOD`) values 
(01,'ADMINISTRADOR',1,'','2018-04-05 17:32:48','FLAURA','2018-04-10 14:49:05'),
(02,'INVITADO',0,'','2018-04-05 18:02:27','FLAURA','2018-04-10 16:28:24'),
(03,'SISTEMAS',1,'','2018-04-10 16:28:18','','2018-04-10 16:28:18');

/*!40101 SET SQL_MODE=@OLD_SQL_MODE */;
/*!40014 SET FOREIGN_KEY_CHECKS=@OLD_FOREIGN_KEY_CHECKS */;
/*!40014 SET UNIQUE_CHECKS=@OLD_UNIQUE_CHECKS */;
/*!40111 SET SQL_NOTES=@OLD_SQL_NOTES */;
