/*
SQLyog Ultimate v12.5.0 (64 bit)
MySQL - 5.7.17-log : Database - chinex
*********************************************************************
*/

/*!40101 SET NAMES utf8 */;

/*!40101 SET SQL_MODE=''*/;

/*!40014 SET @OLD_UNIQUE_CHECKS=@@UNIQUE_CHECKS, UNIQUE_CHECKS=0 */;
/*!40014 SET @OLD_FOREIGN_KEY_CHECKS=@@FOREIGN_KEY_CHECKS, FOREIGN_KEY_CHECKS=0 */;
/*!40101 SET @OLD_SQL_MODE=@@SQL_MODE, SQL_MODE='NO_AUTO_VALUE_ON_ZERO' */;
/*!40111 SET @OLD_SQL_NOTES=@@SQL_NOTES, SQL_NOTES=0 */;
CREATE DATABASE /*!32312 IF NOT EXISTS*/`chinex` /*!40100 DEFAULT CHARACTER SET utf8 COLLATE utf8_spanish2_ci */;

USE `chinex`;

/*Table structure for table `dt_area` */

DROP TABLE IF EXISTS `dt_area`;

CREATE TABLE `dt_area` (
  `IDAREA` int(2) unsigned zerofill NOT NULL AUTO_INCREMENT,
  `NOMBRE` char(50) COLLATE utf8_spanish2_ci NOT NULL,
  `FLAG` int(1) NOT NULL DEFAULT '1',
  `FECHAMOD` timestamp NOT NULL DEFAULT CURRENT_TIMESTAMP ON UPDATE CURRENT_TIMESTAMP,
  PRIMARY KEY (`IDAREA`)
) ENGINE=InnoDB AUTO_INCREMENT=6 DEFAULT CHARSET=utf8 COLLATE=utf8_spanish2_ci;

/*Data for the table `dt_area` */

insert  into `dt_area`(`IDAREA`,`NOMBRE`,`FLAG`,`FECHAMOD`) values 
(01,'SISTEMAS',1,'2018-04-11 17:17:39'),
(02,'LOGISTICA',1,'2018-04-11 17:17:39'),
(03,'RECURSOS HUMANOS',1,'2018-04-11 17:17:39'),
(04,'GERENCIA',1,'2018-04-11 17:17:40'),
(05,'OPERACIONES',1,'2018-04-11 17:17:41');

/*Table structure for table `dt_asignacion` */

DROP TABLE IF EXISTS `dt_asignacion`;

CREATE TABLE `dt_asignacion` (
  `IDASIGNACION` int(5) unsigned zerofill NOT NULL AUTO_INCREMENT,
  `IDEVALUACION` int(4) unsigned zerofill NOT NULL,
  `IDPERSONA` int(4) unsigned zerofill NOT NULL,
  `IDGERENTE` int(4) unsigned zerofill NOT NULL,
  `IDCOLEGA` int(4) unsigned zerofill NOT NULL,
  `IDUSUARIOCREACION` char(30) COLLATE utf8_spanish2_ci NOT NULL,
  `FECHACREACION` timestamp NOT NULL DEFAULT CURRENT_TIMESTAMP,
  `IDUSUARIOMOD` char(30) COLLATE utf8_spanish2_ci NOT NULL,
  `FECHAMOD` timestamp NOT NULL DEFAULT CURRENT_TIMESTAMP ON UPDATE CURRENT_TIMESTAMP,
  PRIMARY KEY (`IDASIGNACION`),
  KEY `fk_idevaluacion` (`IDEVALUACION`),
  KEY `fk_idpersona` (`IDPERSONA`),
  CONSTRAINT `dt_asignacion_ibfk_1` FOREIGN KEY (`IDEVALUACION`) REFERENCES `dt_evaluacion` (`IDEVALUACION`),
  CONSTRAINT `dt_asignacion_ibfk_2` FOREIGN KEY (`IDPERSONA`) REFERENCES `dt_persona` (`IDPERSONA`)
) ENGINE=InnoDB AUTO_INCREMENT=11 DEFAULT CHARSET=utf8 COLLATE=utf8_spanish2_ci;

/*Data for the table `dt_asignacion` */

insert  into `dt_asignacion`(`IDASIGNACION`,`IDEVALUACION`,`IDPERSONA`,`IDGERENTE`,`IDCOLEGA`,`IDUSUARIOCREACION`,`FECHACREACION`,`IDUSUARIOMOD`,`FECHAMOD`) values 
(00006,0004,0114,0106,0115,'FLAURA','2018-04-20 14:47:15','FLAURA','2018-04-20 15:09:07'),
(00007,0004,0117,0106,0115,'FLAURA','2018-04-20 14:47:22','FLAURA','2018-04-20 15:09:09'),
(00008,0004,0115,0106,0114,'FLAURA','2018-04-20 15:03:56','FLAURA','2018-04-20 15:09:27'),
(00009,0005,0115,0106,0114,'FLAURA','2018-04-27 09:40:33','','2018-04-27 09:40:33'),
(00010,0005,0114,0106,0115,'FLAURA','2018-04-27 09:40:35','','2018-04-27 09:40:35');

/*Table structure for table `dt_cargo` */

DROP TABLE IF EXISTS `dt_cargo`;

CREATE TABLE `dt_cargo` (
  `IDCARGO` int(2) unsigned zerofill NOT NULL AUTO_INCREMENT,
  `NOMBRE` char(50) COLLATE utf8_spanish2_ci NOT NULL,
  `FLAG` int(1) NOT NULL DEFAULT '1',
  `FECHAMOD` timestamp NOT NULL DEFAULT CURRENT_TIMESTAMP ON UPDATE CURRENT_TIMESTAMP,
  PRIMARY KEY (`IDCARGO`)
) ENGINE=InnoDB AUTO_INCREMENT=8 DEFAULT CHARSET=utf8 COLLATE=utf8_spanish2_ci;

/*Data for the table `dt_cargo` */

insert  into `dt_cargo`(`IDCARGO`,`NOMBRE`,`FLAG`,`FECHAMOD`) values 
(01,'ANALISTA',1,'2018-04-11 17:05:39'),
(02,'ANALISTA DE SISTEMA',1,'2018-04-11 17:05:46'),
(03,'GERENTE',1,'2018-04-11 17:05:49'),
(04,'PRACTICANTE',1,'2018-04-11 17:05:52'),
(05,'DBA',1,'2018-04-11 17:05:55'),
(06,'ADMINISTRADOR',1,'2018-04-11 17:05:59'),
(07,'OPERADOR',1,'2018-04-11 17:06:03');

/*Table structure for table `dt_competencia` */

DROP TABLE IF EXISTS `dt_competencia`;

CREATE TABLE `dt_competencia` (
  `IDCOMPETENCIA` int(3) unsigned zerofill NOT NULL AUTO_INCREMENT,
  `NOMBRE` char(50) COLLATE utf8_spanish2_ci NOT NULL,
  `ESTADO` int(1) NOT NULL DEFAULT '1',
  `OBSERVACION` mediumtext COLLATE utf8_spanish2_ci NOT NULL,
  `IDUSUARIOCREACION` char(30) COLLATE utf8_spanish2_ci NOT NULL,
  `FECHACREACION` timestamp NOT NULL DEFAULT CURRENT_TIMESTAMP,
  `IDUSUARIOMOD` char(30) COLLATE utf8_spanish2_ci NOT NULL,
  `FECHAMOD` timestamp NOT NULL DEFAULT CURRENT_TIMESTAMP ON UPDATE CURRENT_TIMESTAMP,
  PRIMARY KEY (`IDCOMPETENCIA`)
) ENGINE=InnoDB AUTO_INCREMENT=8 DEFAULT CHARSET=utf8 COLLATE=utf8_spanish2_ci;

/*Data for the table `dt_competencia` */

insert  into `dt_competencia`(`IDCOMPETENCIA`,`NOMBRE`,`ESTADO`,`OBSERVACION`,`IDUSUARIOCREACION`,`FECHACREACION`,`IDUSUARIOMOD`,`FECHAMOD`) values 
(001,'TEST',0,'','FLAURA','2018-04-12 11:59:14','','2018-04-17 14:49:01'),
(002,'SISTEMAS',0,'','FLAURA','2018-04-12 12:00:42','','2018-04-17 14:49:05'),
(003,'LOGISTICA',0,'DSAKJDNJKASND\r\nFDS\r\nADFGDSANF\r\nSADNF\r\nSADFBSAD\r\nBF\r\nSADFSADF\r\nSDAFAS','FLAURA','2018-04-12 12:05:15','','2018-04-17 14:49:09'),
(004,'RECURSOS HUMANOS',0,'NFKJSNDFKJNSDAF+GA\r\nFSANF\r\nSADNFNSADFNSAD\r\n','FLAURA','2018-04-12 14:20:43','','2018-04-17 14:49:16'),
(005,'PRUEBA SISTEMAS',1,'PREGUNTAS DE PRUEBA','FLAURA','2018-04-12 14:31:03','FLAURA','2018-04-17 14:49:51'),
(006,'OPERACIONES',1,'PREGUNTAS DE PRUEBA DE OPERACIONES','FLAURA','2018-04-12 14:36:30','FLAURA','2018-04-17 14:50:16'),
(007,'FINANZAS',1,'EXAMEN DE FINANZAS','FLAURA','2018-04-18 14:16:52','FLAURA','2018-04-23 11:06:28');

/*Table structure for table `dt_competencia_conducta` */

DROP TABLE IF EXISTS `dt_competencia_conducta`;

CREATE TABLE `dt_competencia_conducta` (
  `IDCONDUCTA` int(3) unsigned zerofill NOT NULL AUTO_INCREMENT,
  `IDCOMPETENCIA` int(3) unsigned zerofill NOT NULL,
  `NOMBRE` char(50) COLLATE utf8_spanish2_ci NOT NULL,
  `PRIORIDAD` int(1) NOT NULL,
  `IDUSUARIOCREACION` char(30) COLLATE utf8_spanish2_ci NOT NULL,
  `FECHACREACION` timestamp NOT NULL DEFAULT CURRENT_TIMESTAMP,
  `IDUSUARIOMOD` char(30) COLLATE utf8_spanish2_ci NOT NULL,
  `FECHAMOD` timestamp NOT NULL DEFAULT CURRENT_TIMESTAMP ON UPDATE CURRENT_TIMESTAMP,
  PRIMARY KEY (`IDCONDUCTA`),
  KEY `fk_idcompetencia` (`IDCOMPETENCIA`),
  CONSTRAINT `dt_competencia_conducta_ibfk_1` FOREIGN KEY (`IDCOMPETENCIA`) REFERENCES `dt_competencia` (`IDCOMPETENCIA`)
) ENGINE=InnoDB AUTO_INCREMENT=69 DEFAULT CHARSET=utf8 COLLATE=utf8_spanish2_ci;

/*Data for the table `dt_competencia_conducta` */

insert  into `dt_competencia_conducta`(`IDCONDUCTA`,`IDCOMPETENCIA`,`NOMBRE`,`PRIORIDAD`,`IDUSUARIOCREACION`,`FECHACREACION`,`IDUSUARIOMOD`,`FECHAMOD`) values 
(001,001,'A',1,'FLAURA','2018-04-12 11:59:14','','2018-04-12 11:59:14'),
(002,001,'B',1,'FLAURA','2018-04-12 11:59:15','','2018-04-12 11:59:15'),
(003,001,'C',1,'FLAURA','2018-04-12 11:59:15','','2018-04-12 11:59:15'),
(004,001,'D',1,'FLAURA','2018-04-12 11:59:15','','2018-04-12 11:59:15'),
(005,002,'DSAKB',1,'FLAURA','2018-04-12 12:00:42','','2018-04-12 12:00:42'),
(006,002,'DASND',1,'FLAURA','2018-04-12 12:00:42','','2018-04-12 12:00:42'),
(007,002,'DASKDNJ',1,'FLAURA','2018-04-12 12:00:42','','2018-04-12 12:00:42'),
(008,002,'DSA',1,'FLAURA','2018-04-12 12:00:42','','2018-04-12 12:00:42'),
(009,003,'DASJKJ',1,'FLAURA','2018-04-12 12:05:15','','2018-04-12 12:05:15'),
(010,003,'AJKSDNK',1,'FLAURA','2018-04-12 12:05:15','','2018-04-12 12:05:15'),
(011,003,'DASNDKJN',1,'FLAURA','2018-04-12 12:05:15','','2018-04-12 12:05:15'),
(012,003,'FASKJDN',1,'FLAURA','2018-04-12 12:05:15','','2018-04-12 12:05:15'),
(013,004,'DASNDNAJK',1,'FLAURA','2018-04-12 14:20:43','','2018-04-12 14:20:43'),
(014,004,'FDNANDJKASDNJKASNDJKÑ',1,'FLAURA','2018-04-12 14:20:43','','2018-04-12 14:20:43'),
(015,004,'DNANDAJKSN',1,'FLAURA','2018-04-12 14:20:43','','2018-04-12 14:20:43'),
(016,004,'NDFAKSNDJK',1,'FLAURA','2018-04-12 14:20:43','','2018-04-12 14:20:43'),
(053,006,'PREGUNTA E',1,'FLAURA','2018-04-17 14:50:16','','2018-04-17 14:50:16'),
(054,006,'PREGUNTA F',2,'FLAURA','2018-04-17 14:50:16','','2018-04-17 14:50:16'),
(055,006,'PREGUNTA G',3,'FLAURA','2018-04-17 14:50:16','','2018-04-17 14:50:16'),
(056,006,'PREGUNTA H',4,'FLAURA','2018-04-17 14:50:16','','2018-04-17 14:50:16'),
(061,005,'PREGUNTA A',1,'FLAURA','2018-04-18 14:16:57','','2018-04-18 14:16:57'),
(062,005,'PREGUNTA B',2,'FLAURA','2018-04-18 14:16:57','','2018-04-18 14:16:57'),
(063,005,'PREGUNTA C',3,'FLAURA','2018-04-18 14:16:57','','2018-04-18 14:16:57'),
(064,005,'PREGUNTA D',4,'FLAURA','2018-04-18 14:16:57','','2018-04-18 14:16:57'),
(065,007,'PREGUNTA AA',1,'FLAURA','2018-04-23 11:06:28','','2018-04-23 11:06:28'),
(066,007,'PREGUNTA BB',2,'FLAURA','2018-04-23 11:06:28','','2018-04-23 11:06:28'),
(067,007,'PREGUNTA CC',3,'FLAURA','2018-04-23 11:06:28','','2018-04-23 11:06:28'),
(068,007,'PREGUNTA DD',4,'FLAURA','2018-04-23 11:06:28','','2018-04-23 11:06:28');

/*Table structure for table `dt_evaluacion` */

DROP TABLE IF EXISTS `dt_evaluacion`;

CREATE TABLE `dt_evaluacion` (
  `IDEVALUACION` int(4) unsigned zerofill NOT NULL AUTO_INCREMENT,
  `NOMBRE` char(50) COLLATE utf8_spanish2_ci NOT NULL,
  `FECHA_APERTURA` date NOT NULL,
  `FECHA_CIERRE` date NOT NULL,
  `ESTADO` int(1) NOT NULL DEFAULT '1' COMMENT '0 INACTIVO / 1 ACTIVO / 2 CONCLUIDO',
  `OBSERVACION` mediumtext COLLATE utf8_spanish2_ci NOT NULL,
  `IDUSUARIOCREACION` char(30) COLLATE utf8_spanish2_ci NOT NULL,
  `FECHACREACION` timestamp NOT NULL DEFAULT CURRENT_TIMESTAMP,
  `IDUSUARIOMOD` char(30) COLLATE utf8_spanish2_ci NOT NULL,
  `FECHAMOD` timestamp NOT NULL DEFAULT CURRENT_TIMESTAMP ON UPDATE CURRENT_TIMESTAMP,
  PRIMARY KEY (`IDEVALUACION`)
) ENGINE=InnoDB AUTO_INCREMENT=6 DEFAULT CHARSET=utf8 COLLATE=utf8_spanish2_ci;

/*Data for the table `dt_evaluacion` */

insert  into `dt_evaluacion`(`IDEVALUACION`,`NOMBRE`,`FECHA_APERTURA`,`FECHA_CIERRE`,`ESTADO`,`OBSERVACION`,`IDUSUARIOCREACION`,`FECHACREACION`,`IDUSUARIOMOD`,`FECHAMOD`) values 
(0003,'SEGUNDA EVALUACION','2018-04-18','2018-04-19',0,'DASDASDAS','FLAURA','2018-04-18 14:15:12','FLAURA','2018-04-19 10:41:05'),
(0004,'1era Evaluacion prueba','2018-04-19','2018-04-30',1,'esto es una prueba','FLAURA','2018-04-18 16:41:08','FLAURA','2018-04-19 10:41:02'),
(0005,'PRUEBA DE SISTEMAS','2018-04-27','2018-04-30',1,'','FLAURA','2018-04-27 09:40:25','','2018-04-27 09:40:25');

/*Table structure for table `dt_evaluacion_detalle` */

DROP TABLE IF EXISTS `dt_evaluacion_detalle`;

CREATE TABLE `dt_evaluacion_detalle` (
  `IDDETALLE` int(4) unsigned zerofill NOT NULL AUTO_INCREMENT,
  `IDEVALUACION` int(4) unsigned zerofill NOT NULL,
  `IDCOMPETENCIA` int(3) unsigned zerofill NOT NULL,
  `IDUSUARIOCREACION` char(30) COLLATE utf8_spanish2_ci NOT NULL,
  `FECHACREACION` timestamp NOT NULL DEFAULT CURRENT_TIMESTAMP,
  `IDUSUARIOMOD` char(30) COLLATE utf8_spanish2_ci NOT NULL,
  `FECHAMOD` timestamp NOT NULL DEFAULT CURRENT_TIMESTAMP ON UPDATE CURRENT_TIMESTAMP,
  PRIMARY KEY (`IDDETALLE`),
  KEY `FK_IDEVALUACION` (`IDEVALUACION`),
  KEY `IDCOMPETENCIA` (`IDCOMPETENCIA`),
  CONSTRAINT `dt_evaluacion_detalle_ibfk_1` FOREIGN KEY (`IDEVALUACION`) REFERENCES `dt_evaluacion` (`IDEVALUACION`),
  CONSTRAINT `dt_evaluacion_detalle_ibfk_2` FOREIGN KEY (`IDCOMPETENCIA`) REFERENCES `dt_competencia` (`IDCOMPETENCIA`)
) ENGINE=InnoDB AUTO_INCREMENT=16 DEFAULT CHARSET=utf8 COLLATE=utf8_spanish2_ci;

/*Data for the table `dt_evaluacion_detalle` */

insert  into `dt_evaluacion_detalle`(`IDDETALLE`,`IDEVALUACION`,`IDCOMPETENCIA`,`IDUSUARIOCREACION`,`FECHACREACION`,`IDUSUARIOMOD`,`FECHAMOD`) values 
(0009,0003,005,'FLAURA','2018-04-19 10:47:05','','2018-04-19 10:47:05'),
(0010,0003,006,'FLAURA','2018-04-19 10:47:05','','2018-04-19 10:47:05'),
(0011,0003,007,'FLAURA','2018-04-19 10:47:05','','2018-04-19 10:47:05'),
(0012,0004,005,'FLAURA','2018-04-23 11:06:39','','2018-04-23 11:06:39'),
(0013,0004,006,'FLAURA','2018-04-23 11:06:39','','2018-04-23 11:06:39'),
(0014,0004,007,'FLAURA','2018-04-23 11:06:39','','2018-04-23 11:06:39'),
(0015,0005,005,'FLAURA','2018-04-27 09:40:25','','2018-04-27 09:40:25');

/*Table structure for table `dt_persona` */

DROP TABLE IF EXISTS `dt_persona`;

CREATE TABLE `dt_persona` (
  `IDPERSONA` int(4) unsigned zerofill NOT NULL AUTO_INCREMENT,
  `NOMBRE` char(30) COLLATE utf8_spanish2_ci NOT NULL,
  `AP_PATERNO` char(30) COLLATE utf8_spanish2_ci NOT NULL,
  `AP_MATERNO` char(30) COLLATE utf8_spanish2_ci NOT NULL,
  `NUMERODOC` int(8) NOT NULL,
  `CORREO` char(30) COLLATE utf8_spanish2_ci NOT NULL,
  `TELEFONO` int(9) NOT NULL,
  `TIPOPERSONA` char(4) COLLATE utf8_spanish2_ci NOT NULL DEFAULT 'PERS' COMMENT 'PER PERSONAL / USER USUARIO',
  `ESTADO` char(1) COLLATE utf8_spanish2_ci NOT NULL DEFAULT '1' COMMENT '1 SI / 0 NO',
  `IDAREA` int(2) unsigned zerofill NOT NULL,
  `IDCARGO` int(2) unsigned zerofill NOT NULL,
  `IDUSUARIOCREACION` char(30) COLLATE utf8_spanish2_ci NOT NULL,
  `FECHACREACION` datetime NOT NULL DEFAULT CURRENT_TIMESTAMP,
  `IDUSUARIOMOD` char(30) COLLATE utf8_spanish2_ci NOT NULL,
  `FECHAMOD` timestamp NOT NULL DEFAULT CURRENT_TIMESTAMP ON UPDATE CURRENT_TIMESTAMP,
  PRIMARY KEY (`IDPERSONA`,`TIPOPERSONA`),
  KEY `FK_IDAREA` (`IDAREA`),
  KEY `FK_IDCARGO` (`IDCARGO`),
  CONSTRAINT `dt_persona_ibfk_1` FOREIGN KEY (`IDAREA`) REFERENCES `dt_area` (`IDAREA`),
  CONSTRAINT `dt_persona_ibfk_2` FOREIGN KEY (`IDCARGO`) REFERENCES `dt_cargo` (`IDCARGO`)
) ENGINE=InnoDB AUTO_INCREMENT=118 DEFAULT CHARSET=utf8 COLLATE=utf8_spanish2_ci;

/*Data for the table `dt_persona` */

insert  into `dt_persona`(`IDPERSONA`,`NOMBRE`,`AP_PATERNO`,`AP_MATERNO`,`NUMERODOC`,`CORREO`,`TELEFONO`,`TIPOPERSONA`,`ESTADO`,`IDAREA`,`IDCARGO`,`IDUSUARIOCREACION`,`FECHACREACION`,`IDUSUARIOMOD`,`FECHAMOD`) values 
(0106,'FRANK','LAURA','BORJA',73191639,'FRANK.CG9@GMAIL.COM',993690057,'USER','1',01,03,'FLAURA','2018-04-02 00:00:00','','2018-04-11 17:50:09'),
(0114,'NAYSHA','AYALA','GOMERO',85957412,'NAYALA@GMAIL.COM',987654321,'USER','1',01,02,'FLAURA','2018-04-05 11:13:35','','2018-04-19 14:26:41'),
(0115,'RENE','LAURA','QUISPE',25732120,'RLAURA@GMAIL.COM',956304110,'USER','1',01,01,'FLAURA','2018-04-10 16:28:00','','2018-04-11 17:10:05'),
(0117,'MAGDA','BORJA','EGUILAS',25835280,'MBORJA@GMAIL.COM',997449379,'USER','1',01,05,'FLAURA','2018-04-11 17:32:42','','2018-04-19 14:26:33');

/*Table structure for table `dt_prueba` */

DROP TABLE IF EXISTS `dt_prueba`;

CREATE TABLE `dt_prueba` (
  `IDPRUEBA` int(5) unsigned zerofill NOT NULL AUTO_INCREMENT,
  `IDASIGNACION` int(5) unsigned zerofill NOT NULL,
  `IDEVALUACION` int(4) unsigned zerofill NOT NULL,
  `IDEVALUADO` int(4) unsigned zerofill NOT NULL,
  `IDEVALUADOR` int(4) unsigned zerofill NOT NULL COMMENT 'idpersona session',
  `IDCOMPETENCIA` int(3) unsigned zerofill NOT NULL,
  `IDCONDUCTA` int(3) unsigned zerofill NOT NULL,
  `IDUSUARIOCREACION` char(30) COLLATE utf8_spanish2_ci NOT NULL,
  `FECHACREACION` timestamp NOT NULL DEFAULT CURRENT_TIMESTAMP,
  `IDUSUARIOMOD` char(30) COLLATE utf8_spanish2_ci NOT NULL,
  `FECHAMOD` timestamp NOT NULL DEFAULT CURRENT_TIMESTAMP ON UPDATE CURRENT_TIMESTAMP,
  PRIMARY KEY (`IDPRUEBA`)
) ENGINE=InnoDB AUTO_INCREMENT=9 DEFAULT CHARSET=utf8 COLLATE=utf8_spanish2_ci;

/*Data for the table `dt_prueba` */

insert  into `dt_prueba`(`IDPRUEBA`,`IDASIGNACION`,`IDEVALUACION`,`IDEVALUADO`,`IDEVALUADOR`,`IDCOMPETENCIA`,`IDCONDUCTA`,`IDUSUARIOCREACION`,`FECHACREACION`,`IDUSUARIOMOD`,`FECHAMOD`) values 
(00001,00008,0004,0115,0106,005,061,'FLAURA','2018-04-24 16:10:51','','2018-04-24 16:10:51'),
(00002,00008,0004,0115,0106,006,053,'FLAURA','2018-04-24 16:10:51','','2018-04-24 16:10:51'),
(00003,00008,0004,0115,0106,007,066,'FLAURA','2018-04-24 16:10:51','','2018-04-24 16:10:51'),
(00004,00006,0004,0114,0106,005,062,'FLAURA','2018-04-24 17:53:21','','2018-04-24 17:53:21'),
(00005,00006,0004,0114,0106,006,055,'FLAURA','2018-04-24 17:53:21','','2018-04-24 17:53:21'),
(00006,00006,0004,0114,0106,007,067,'FLAURA','2018-04-24 17:53:21','','2018-04-24 17:53:21'),
(00007,00009,0005,0115,0106,005,061,'FLAURA','2018-04-27 09:41:03','','2018-04-27 09:41:03'),
(00008,00010,0005,0114,0106,005,063,'FLAURA','2018-04-27 09:41:08','','2018-04-27 09:41:08');

/*Table structure for table `dt_usuario` */

DROP TABLE IF EXISTS `dt_usuario`;

CREATE TABLE `dt_usuario` (
  `IDUSUARIO` char(30) COLLATE utf8_spanish2_ci NOT NULL,
  `CONTRASENIA` char(50) COLLATE utf8_spanish2_ci NOT NULL,
  `ESTADO` int(1) NOT NULL DEFAULT '1' COMMENT '1 ACTIVO / 0 INACTIVO',
  `IDPERSONA` int(4) unsigned zerofill NOT NULL,
  `IDPERFIL` int(2) unsigned zerofill DEFAULT NULL,
  `IDUSUARIOCREACION` char(30) COLLATE utf8_spanish2_ci NOT NULL,
  `FECHACREACION` timestamp NOT NULL DEFAULT CURRENT_TIMESTAMP,
  `IDUSUARIOMOD` char(30) COLLATE utf8_spanish2_ci NOT NULL,
  `FECHAMOD` timestamp NOT NULL DEFAULT CURRENT_TIMESTAMP ON UPDATE CURRENT_TIMESTAMP,
  PRIMARY KEY (`IDUSUARIO`),
  KEY `fk_idperfil` (`IDPERFIL`),
  KEY `IDPERSONA` (`IDPERSONA`),
  CONSTRAINT `dt_usuario_ibfk_1` FOREIGN KEY (`IDPERSONA`) REFERENCES `dt_persona` (`IDPERSONA`),
  CONSTRAINT `dt_usuario_ibfk_2` FOREIGN KEY (`IDPERFIL`) REFERENCES `seguridad_perfil` (`IDPERFIL`)
) ENGINE=InnoDB DEFAULT CHARSET=utf8 COLLATE=utf8_spanish2_ci;

/*Data for the table `dt_usuario` */

insert  into `dt_usuario`(`IDUSUARIO`,`CONTRASENIA`,`ESTADO`,`IDPERSONA`,`IDPERFIL`,`IDUSUARIOCREACION`,`FECHACREACION`,`IDUSUARIOMOD`,`FECHAMOD`) values 
('FLAURA','bf5155b3171915cc2cb01975405d06d2ed5b6514',1,0106,01,'FLAURA','2018-04-02 17:45:00','FLAURA','2018-04-10 14:01:52'),
('MBORJA','40bd001563085fc35165329ea1ff5c5ecbdbbeef',1,0117,NULL,'FLAURA','2018-04-11 17:32:42','','2018-04-11 17:32:42'),
('NAYALA','40bd001563085fc35165329ea1ff5c5ecbdbbeef',1,0114,01,'FLAURA','2018-04-05 11:13:35','FLAURA','2018-04-10 16:19:38'),
('RLAURA','40bd001563085fc35165329ea1ff5c5ecbdbbeef',1,0115,02,'FLAURA','2018-04-10 16:28:00','FLAURA','2018-04-10 16:28:34');

/*Table structure for table `seguridad_modulo` */

DROP TABLE IF EXISTS `seguridad_modulo`;

CREATE TABLE `seguridad_modulo` (
  `IDMODULO` int(2) unsigned zerofill NOT NULL AUTO_INCREMENT,
  `NOMBRE_MODULO` char(30) COLLATE utf8_spanish2_ci NOT NULL,
  `DESCRIPCION` char(50) COLLATE utf8_spanish2_ci NOT NULL,
  `TIPO` char(20) COLLATE utf8_spanish2_ci NOT NULL,
  `UBICACION` char(50) COLLATE utf8_spanish2_ci NOT NULL,
  `FLAG` int(1) NOT NULL DEFAULT '1' COMMENT '1 -> ACTIVO / 0->INACTIVO',
  `FECHAMOD` timestamp NOT NULL DEFAULT CURRENT_TIMESTAMP ON UPDATE CURRENT_TIMESTAMP,
  PRIMARY KEY (`IDMODULO`)
) ENGINE=InnoDB AUTO_INCREMENT=7 DEFAULT CHARSET=utf8 COLLATE=utf8_spanish2_ci;

/*Data for the table `seguridad_modulo` */

insert  into `seguridad_modulo`(`IDMODULO`,`NOMBRE_MODULO`,`DESCRIPCION`,`TIPO`,`UBICACION`,`FLAG`,`FECHAMOD`) values 
(01,'MENU_PANEL','Inicio','MENU_PAN','panel',1,'2018-04-03 16:59:26'),
(02,'MENU_SEGURIDAD','Control de Acceso','MENU_SEG','usuario',1,'2018-04-03 16:50:55'),
(03,'MENU_COMPETENCIA','Registro de Competencias','MENU_COM','competencia',1,'2018-04-12 10:59:40'),
(04,'MENU_EVALUACION','Apertura','MENU_EVA','evaluacion',1,'2018-04-17 14:43:00'),
(05,'MENU_ASIGNACION','Asignacion','MENU_EVA','asignacion',1,'2018-04-19 14:14:49'),
(06,'MENU_PRUEBA','Pruebas','MENU_EVA','prueba',1,'2018-04-23 10:18:30');

/*Table structure for table `seguridad_modulo_perfil` */

DROP TABLE IF EXISTS `seguridad_modulo_perfil`;

CREATE TABLE `seguridad_modulo_perfil` (
  `IDDETALLE` int(4) unsigned zerofill NOT NULL AUTO_INCREMENT,
  `IDMODULO` int(2) unsigned zerofill NOT NULL,
  `IDPERFIL` int(2) unsigned zerofill NOT NULL,
  `PERMISO` int(1) NOT NULL,
  `FECHAMOD` timestamp NOT NULL DEFAULT CURRENT_TIMESTAMP ON UPDATE CURRENT_TIMESTAMP,
  PRIMARY KEY (`IDDETALLE`),
  KEY `seguridad_modulo_perfil_ibfk_1` (`IDMODULO`),
  KEY `seguridad_modulo_perfil_ibfk_2` (`IDPERFIL`),
  CONSTRAINT `seguridad_modulo_perfil_ibfk_1` FOREIGN KEY (`IDMODULO`) REFERENCES `seguridad_modulo` (`IDMODULO`),
  CONSTRAINT `seguridad_modulo_perfil_ibfk_2` FOREIGN KEY (`IDPERFIL`) REFERENCES `seguridad_perfil` (`IDPERFIL`)
) ENGINE=InnoDB AUTO_INCREMENT=42 DEFAULT CHARSET=utf8;

/*Data for the table `seguridad_modulo_perfil` */

insert  into `seguridad_modulo_perfil`(`IDDETALLE`,`IDMODULO`,`IDPERFIL`,`PERMISO`,`FECHAMOD`) values 
(0017,02,03,0,'2018-04-10 16:28:40'),
(0029,02,02,0,'2018-04-19 11:57:11'),
(0030,01,02,0,'2018-04-19 11:57:11'),
(0036,01,01,0,'2018-04-23 10:19:19'),
(0037,02,01,0,'2018-04-23 10:19:19'),
(0038,03,01,0,'2018-04-23 10:19:19'),
(0039,04,01,0,'2018-04-23 10:19:19'),
(0040,05,01,0,'2018-04-23 10:19:19'),
(0041,06,01,0,'2018-04-23 10:19:19');

/*Table structure for table `seguridad_perfil` */

DROP TABLE IF EXISTS `seguridad_perfil`;

CREATE TABLE `seguridad_perfil` (
  `IDPERFIL` int(2) unsigned zerofill NOT NULL AUTO_INCREMENT,
  `NOMBRE_PERFIL` char(30) CHARACTER SET utf8 COLLATE utf8_spanish2_ci NOT NULL,
  `FLAG` int(1) NOT NULL DEFAULT '1',
  `IDUSUARIOCREACION` char(30) CHARACTER SET utf8 COLLATE utf8_spanish2_ci NOT NULL,
  `FECHACREACION` timestamp NOT NULL DEFAULT CURRENT_TIMESTAMP,
  `IDUSUARIOMOD` char(30) CHARACTER SET utf8 COLLATE utf8_spanish2_ci NOT NULL,
  `FECHAMOD` timestamp NOT NULL DEFAULT CURRENT_TIMESTAMP ON UPDATE CURRENT_TIMESTAMP,
  PRIMARY KEY (`IDPERFIL`)
) ENGINE=InnoDB AUTO_INCREMENT=4 DEFAULT CHARSET=utf8;

/*Data for the table `seguridad_perfil` */

insert  into `seguridad_perfil`(`IDPERFIL`,`NOMBRE_PERFIL`,`FLAG`,`IDUSUARIOCREACION`,`FECHACREACION`,`IDUSUARIOMOD`,`FECHAMOD`) values 
(01,'ADMINISTRADOR',1,'','2018-04-05 17:32:48','FLAURA','2018-04-10 14:49:05'),
(02,'INVITADO',0,'','2018-04-05 18:02:27','FLAURA','2018-04-10 16:28:24'),
(03,'SISTEMAS',1,'','2018-04-10 16:28:18','','2018-04-10 16:28:18');

/*!40101 SET SQL_MODE=@OLD_SQL_MODE */;
/*!40014 SET FOREIGN_KEY_CHECKS=@OLD_FOREIGN_KEY_CHECKS */;
/*!40014 SET UNIQUE_CHECKS=@OLD_UNIQUE_CHECKS */;
/*!40111 SET SQL_NOTES=@OLD_SQL_NOTES */;
