/*
SQLyog Ultimate v10.3 
MySQL - 5.7.17-log : Database - chinex
*********************************************************************
*/

/*!40101 SET NAMES utf8 */;

/*!40101 SET SQL_MODE=''*/;

/*!40014 SET @OLD_UNIQUE_CHECKS=@@UNIQUE_CHECKS, UNIQUE_CHECKS=0 */;
/*!40014 SET @OLD_FOREIGN_KEY_CHECKS=@@FOREIGN_KEY_CHECKS, FOREIGN_KEY_CHECKS=0 */;
/*!40101 SET @OLD_SQL_MODE=@@SQL_MODE, SQL_MODE='NO_AUTO_VALUE_ON_ZERO' */;
/*!40111 SET @OLD_SQL_NOTES=@@SQL_NOTES, SQL_NOTES=0 */;
CREATE DATABASE /*!32312 IF NOT EXISTS*/`chinex` /*!40100 DEFAULT CHARACTER SET utf8 COLLATE utf8_spanish2_ci */;

USE `chinex`;

/*Table structure for table `dt_cliente` */

DROP TABLE IF EXISTS `dt_cliente`;

CREATE TABLE `dt_cliente` (
  `IDCLIENTE` int(2) unsigned zerofill NOT NULL AUTO_INCREMENT,
  `IDPERSONA` int(4) unsigned zerofill NOT NULL,
  `NOMBRE` char(50) COLLATE utf8_spanish2_ci NOT NULL,
  `FLAG` int(1) NOT NULL DEFAULT '1',
  `FECHAMOD` timestamp NOT NULL DEFAULT CURRENT_TIMESTAMP,
  PRIMARY KEY (`IDCLIENTE`)
) ENGINE=InnoDB AUTO_INCREMENT=42 DEFAULT CHARSET=utf8 COLLATE=utf8_spanish2_ci;

/*Data for the table `dt_cliente` */

insert  into `dt_cliente`(`IDCLIENTE`,`IDPERSONA`,`NOMBRE`,`FLAG`,`FECHAMOD`) values (01,0121,'3M',1,'2018-05-01 13:37:27'),(02,0122,'AJINOMOTO',1,'2018-05-01 13:37:27'),(03,0123,'ALTOMAYO.',1,'2018-05-01 13:37:27'),(04,0124,'BELOWSAC',1,'2018-05-01 13:37:27'),(05,0125,'BOTICAS ISAFARMA E.I.R.L',1,'2018-05-01 13:37:27'),(06,0126,'COLAGATE-PALMOLIVE',1,'2018-05-01 13:37:27'),(07,0127,'CORPORACION VEGA',1,'2018-05-01 13:37:27'),(08,0128,'DKASA',1,'2018-05-01 13:37:27'),(09,0129,'DURACEL',1,'2018-05-01 13:37:27'),(10,0130,'GLORIA.',1,'2018-05-01 13:37:27'),(11,0131,'IMEVA S.A.C.',1,'2018-05-01 13:37:27'),(12,0132,'LOREAL',1,'2018-05-01 13:37:27'),(13,0133,'MENTOS',1,'2018-05-01 13:37:27'),(14,0134,'MEZA MIRANDA BETSABE MARIA',1,'2018-05-01 13:37:27'),(15,0135,'PECSA',1,'2018-05-01 13:37:27'),(16,0136,'PEDIGRI',1,'2018-05-01 13:37:27'),(17,0137,'PLAZA VEA',1,'2018-05-01 13:37:27'),(18,0138,'PRINGLES',1,'2018-05-01 13:37:28'),(19,0139,'RIPLEY',1,'2018-05-01 13:37:28'),(20,0140,'SC JOHNSON',1,'2018-05-01 13:37:28'),(21,0141,'TICNOLOGY S.A.C.',1,'2018-05-01 13:37:28'),(22,0142,'TOTTUS',1,'2018-05-01 13:37:28'),(23,0143,'VAPE',1,'2018-05-01 13:37:28'),(24,0144,'RRHH',1,'2018-05-01 13:37:42'),(25,0145,'Contabilidad',1,'2018-05-01 13:37:42'),(26,0146,'Sistemas Desarrollo',1,'2018-05-01 13:37:42'),(27,0147,'Codistribución',1,'2018-05-01 13:37:42'),(28,0148,'Comercial',1,'2018-05-01 13:37:42'),(29,0149,'Facturación',1,'2018-05-01 13:37:42'),(30,0150,'Operaciones',1,'2018-05-01 13:37:42'),(31,0151,'Transporte',1,'2018-05-01 13:37:42'),(32,0152,'Soporte de Ventas',1,'2018-05-01 13:37:42'),(33,0153,'Sistemas Infraestructura',1,'2018-05-01 13:37:42'),(34,0154,'Vendedores',1,'2018-05-01 13:37:42'),(35,0193,'CENCOSUD S.A.',1,'2018-07-18 14:34:39'),(36,0142,'HIPERMERCADO TOTTUS',1,'2018-07-18 14:34:39'),(37,0194,'RENZO COSTA',1,'2018-07-18 14:34:39'),(38,0195,'BOTICA FARMACO',1,'2018-07-18 14:34:39'),(39,0196,'FASHION UNIVERSE',1,'2018-07-18 14:34:39'),(40,0197,'DISTRIBUCION FERRETERA RODOFER',1,'2018-07-18 14:34:39'),(41,0198,'DISTRIBUIDORA CAROL C & F',1,'2018-07-18 14:34:39');

/*Table structure for table `dt_cliente_area` */

DROP TABLE IF EXISTS `dt_cliente_area`;

CREATE TABLE `dt_cliente_area` (
  `IDCLIENTE_AREA` int(3) unsigned zerofill NOT NULL AUTO_INCREMENT,
  `IDAREA` int(2) unsigned zerofill NOT NULL,
  `IDCLIENTE` int(2) unsigned zerofill NOT NULL,
  `FLAG` int(1) NOT NULL DEFAULT '1',
  `FECHAMOD` timestamp NOT NULL DEFAULT CURRENT_TIMESTAMP,
  PRIMARY KEY (`IDCLIENTE_AREA`)
) ENGINE=InnoDB AUTO_INCREMENT=85 DEFAULT CHARSET=utf8 COLLATE=utf8_spanish2_ci;

/*Data for the table `dt_cliente_area` */

insert  into `dt_cliente_area`(`IDCLIENTE_AREA`,`IDAREA`,`IDCLIENTE`,`FLAG`,`FECHAMOD`) values (001,01,24,1,'2018-05-01 13:46:23'),(002,01,25,1,'2018-05-01 13:46:23'),(003,01,26,1,'2018-05-01 13:46:23'),(004,01,27,1,'2018-05-01 13:46:23'),(005,01,28,1,'2018-05-01 13:46:23'),(006,01,29,1,'2018-05-01 13:46:23'),(007,01,30,1,'2018-05-01 13:46:23'),(008,01,31,1,'2018-05-01 13:46:24'),(009,01,32,1,'2018-05-01 13:46:24'),(010,01,33,1,'2018-05-01 13:46:24'),(011,01,34,1,'2018-05-01 13:46:24'),(012,02,24,1,'2018-05-01 13:46:58'),(013,02,25,1,'2018-05-01 13:46:58'),(014,02,26,1,'2018-05-01 13:46:58'),(015,02,27,1,'2018-05-01 13:46:58'),(016,02,28,1,'2018-05-01 13:46:58'),(017,02,29,1,'2018-05-01 13:46:58'),(018,02,30,1,'2018-05-01 13:46:58'),(019,02,31,1,'2018-05-01 13:46:58'),(020,02,32,1,'2018-05-01 13:46:58'),(021,02,33,1,'2018-05-01 13:46:58'),(022,02,34,1,'2018-05-01 13:46:58'),(023,03,24,1,'2018-05-01 13:47:34'),(024,03,25,1,'2018-05-01 13:47:34'),(025,03,26,1,'2018-05-01 13:47:34'),(026,03,27,1,'2018-05-01 13:47:34'),(027,03,28,1,'2018-05-01 13:47:34'),(028,03,29,1,'2018-05-01 13:47:35'),(029,03,30,1,'2018-05-01 13:47:35'),(030,03,31,1,'2018-05-01 13:47:35'),(031,03,32,1,'2018-05-01 13:47:35'),(032,03,33,1,'2018-05-01 13:47:35'),(033,03,34,1,'2018-05-01 13:47:35'),(034,10,24,1,'2018-05-01 13:48:04'),(035,10,25,1,'2018-05-01 13:48:04'),(036,10,26,1,'2018-05-01 13:48:04'),(037,10,27,1,'2018-05-01 13:48:04'),(038,10,28,1,'2018-05-01 13:48:04'),(039,10,29,1,'2018-05-01 13:48:04'),(040,10,30,1,'2018-05-01 13:48:04'),(041,10,31,1,'2018-05-01 13:48:04'),(042,10,32,1,'2018-05-01 13:48:04'),(043,10,33,1,'2018-05-01 13:48:04'),(044,10,34,1,'2018-05-01 13:48:04'),(045,07,31,1,'2018-05-01 13:52:21'),(046,06,34,1,'2018-05-01 13:52:21'),(047,09,34,1,'2018-05-01 13:52:21'),(048,11,05,1,'2018-05-01 14:44:04'),(049,11,14,1,'2018-05-01 14:44:04'),(050,11,04,1,'2018-05-01 14:44:04'),(051,11,21,1,'2018-05-01 14:44:05'),(052,11,11,1,'2018-05-01 14:44:05'),(053,04,12,1,'2018-05-01 14:44:46'),(054,04,01,1,'2018-05-01 14:44:46'),(055,04,06,1,'2018-05-01 14:44:46'),(056,04,20,1,'2018-05-01 14:44:46'),(057,04,02,1,'2018-05-01 14:44:47'),(058,04,03,1,'2018-05-01 14:44:47'),(059,05,10,1,'2018-05-01 14:46:04'),(060,05,17,1,'2018-05-01 14:46:04'),(061,05,22,1,'2018-05-01 14:46:04'),(062,05,19,1,'2018-05-01 14:46:04'),(063,05,15,1,'2018-05-01 14:46:04'),(064,05,07,1,'2018-05-01 14:46:04'),(065,05,13,1,'2018-05-01 14:46:04'),(066,05,23,1,'2018-05-01 14:46:04'),(067,05,09,1,'2018-05-01 14:46:04'),(068,05,16,1,'2018-05-01 14:46:04'),(069,05,08,1,'2018-05-01 14:46:04'),(070,05,18,1,'2018-05-01 14:46:04'),(071,08,35,1,'2018-07-18 14:36:02'),(072,08,36,1,'2018-07-18 14:36:02'),(073,08,37,1,'2018-07-18 14:36:02'),(074,08,38,1,'2018-07-18 14:36:02'),(075,08,39,1,'2018-07-18 14:36:02'),(076,08,40,1,'2018-07-18 14:36:02'),(077,08,41,1,'2018-07-18 14:36:02'),(078,13,35,1,'2018-07-18 14:36:48'),(079,13,36,1,'2018-07-18 14:36:48'),(080,13,37,1,'2018-07-18 14:36:48'),(081,13,38,1,'2018-07-18 14:36:48'),(082,13,39,1,'2018-07-18 14:36:48'),(083,13,40,1,'2018-07-18 14:36:48'),(084,13,41,1,'2018-07-18 14:36:48');

/*Table structure for table `dt_proveedor` */

DROP TABLE IF EXISTS `dt_proveedor`;

CREATE TABLE `dt_proveedor` (
  `IDPROVEEDOR` int(2) unsigned zerofill NOT NULL AUTO_INCREMENT,
  `IDPERSONA` int(4) unsigned zerofill NOT NULL,
  `NOMBRE` char(50) COLLATE utf8_spanish2_ci NOT NULL,
  `FLAG` int(1) NOT NULL DEFAULT '1',
  `FECHAMOD` timestamp NOT NULL DEFAULT CURRENT_TIMESTAMP,
  PRIMARY KEY (`IDPROVEEDOR`)
) ENGINE=InnoDB AUTO_INCREMENT=22 DEFAULT CHARSET=utf8 COLLATE=utf8_spanish2_ci;

/*Data for the table `dt_proveedor` */

insert  into `dt_proveedor`(`IDPROVEEDOR`,`IDPERSONA`,`NOMBRE`,`FLAG`,`FECHAMOD`) values (01,0132,'LOREAL',1,'2018-05-01 14:56:59'),(02,0121,'3M',1,'2018-05-01 14:56:59'),(03,0126,'COLAGATE-PALMOLIVE',1,'2018-05-01 14:56:59'),(04,0140,'SC JOHNSON',1,'2018-05-01 14:57:00'),(05,0122,'AJINOMOTO',1,'2018-05-01 14:57:00'),(06,0000,'ALTOMAYO',1,'2018-05-01 14:57:00'),(07,0138,'PRINGLES',1,'2018-05-01 14:57:00'),(08,0128,'DKASA',1,'2018-05-01 14:57:00'),(09,0136,'PEDIGRI',1,'2018-05-01 14:57:00'),(10,0129,'DURACEL',1,'2018-05-01 14:57:00'),(11,0143,'VAPE',1,'2018-05-01 14:57:00'),(12,0133,'MENTOS',1,'2018-05-01 14:57:00'),(13,0184,'Cineplanet',1,'2018-05-01 14:57:00'),(14,0185,'Seguros pacifico',1,'2018-05-01 14:57:00'),(15,0186,'IDAT',1,'2018-05-01 14:57:00'),(16,0187,'Cibertec.',1,'2018-05-01 14:57:00'),(17,0188,'IBM',1,'2018-05-01 14:57:00'),(18,0189,'Claro',1,'2018-05-01 14:57:00'),(19,0190,'Microsoft',1,'2018-05-01 14:57:00'),(20,0191,'Omnia Solution',1,'2018-05-01 14:57:00'),(21,0192,'IN HOUSE',1,'2018-05-01 15:25:43');

/*Table structure for table `dt_proveedor_area` */

DROP TABLE IF EXISTS `dt_proveedor_area`;

CREATE TABLE `dt_proveedor_area` (
  `IDPROVEEDOR_AREA` int(3) unsigned zerofill NOT NULL AUTO_INCREMENT,
  `IDPROVEEDOR` int(2) unsigned zerofill NOT NULL,
  `IDAREA` int(2) unsigned zerofill NOT NULL,
  `FLAG` int(1) NOT NULL DEFAULT '1',
  `FECHAMOD` timestamp NOT NULL DEFAULT CURRENT_TIMESTAMP,
  PRIMARY KEY (`IDPROVEEDOR_AREA`)
) ENGINE=InnoDB AUTO_INCREMENT=33 DEFAULT CHARSET=utf8 COLLATE=utf8_spanish2_ci;

/*Data for the table `dt_proveedor_area` */

insert  into `dt_proveedor_area`(`IDPROVEEDOR_AREA`,`IDPROVEEDOR`,`IDAREA`,`FLAG`,`FECHAMOD`) values (001,17,04,1,'2018-05-01 15:07:42'),(002,02,04,1,'2018-05-01 15:07:42'),(003,03,04,1,'2018-05-01 15:07:42'),(004,04,04,1,'2018-05-01 15:07:42'),(005,05,04,1,'2018-05-01 15:07:42'),(006,06,04,1,'2018-05-01 15:07:43'),(007,07,05,1,'2018-05-01 15:09:21'),(008,08,05,1,'2018-05-01 15:09:21'),(009,09,05,1,'2018-05-01 15:09:22'),(010,10,05,1,'2018-05-01 15:09:22'),(011,11,05,1,'2018-05-01 15:09:22'),(012,12,05,1,'2018-05-01 15:09:22'),(013,13,01,1,'2018-05-01 15:10:51'),(014,14,01,1,'2018-05-01 15:10:51'),(015,15,01,1,'2018-05-01 15:10:51'),(016,16,01,1,'2018-05-01 15:10:51'),(017,17,02,1,'2018-05-01 15:11:17'),(018,17,03,1,'2018-05-01 15:24:25'),(019,18,03,1,'2018-05-01 15:24:25'),(020,19,03,1,'2018-05-01 15:24:25'),(021,20,03,1,'2018-05-01 15:24:25'),(022,17,10,1,'2018-05-01 15:24:47'),(023,18,10,1,'2018-05-01 15:24:47'),(024,19,10,1,'2018-05-01 15:24:47'),(025,20,10,1,'2018-05-01 15:24:47'),(026,21,06,1,'2018-05-01 15:26:38'),(027,21,07,1,'2018-05-01 15:26:38'),(028,21,08,1,'2018-05-01 15:26:38'),(029,21,09,1,'2018-05-01 15:26:38'),(030,21,11,1,'2018-05-01 15:26:38'),(031,17,13,1,'2018-07-18 16:28:59'),(032,20,13,1,'2018-07-18 16:29:05');

/*!40101 SET SQL_MODE=@OLD_SQL_MODE */;
/*!40014 SET FOREIGN_KEY_CHECKS=@OLD_FOREIGN_KEY_CHECKS */;
/*!40014 SET UNIQUE_CHECKS=@OLD_UNIQUE_CHECKS */;
/*!40111 SET SQL_NOTES=@OLD_SQL_NOTES */;
